"account_id","id","city","coordinates","country","device_id","hl","ip","open_from_qr_code","platform","viewing_date"
"eu-west-1:0f4ad5be-9473-4a6f-863e-4428e918ce2d","123456","Colomiers","[{""N"":""1.3347""},{""N"":""43.6106""}]","fr","0m6fDmTCg","fr","","false","","2022-10-29T02:35:09.531Z"
"eu-west-1:0f4ad5be-9473-4a6f-863e-4428e918ce2d","123457","Colomiers","[{""N"":""1.3347""},{""N"":""43.6106""}]","fr","5AcV1CHHl","fr","","false","","2022-10-29T01:03:40.290Z"
"eu-west-1:0f4ad5be-9473-4a6f-863e-4428e918ce2d","2mGfA1","colomiers","[{""N"":""43.6106""},{""N"":""1.3347""}]","fr","5861488015.1668382364060","fr","80.9.240.131","false","web","2022-11-13T23:52:24.317Z"
"eu-west-1:0f4ad5be-9473-4a6f-863e-4428e918ce2d","4AOLkA","tournefeuille","[{""N"":""43.5887""},{""N"":""1.3192""}]","fr","4465346072.1676384921184","fr","86.249.148.170","false","web","2023-02-14T23:40:24.873Z"
"eu-west-1:0f4ad5be-9473-4a6f-863e-4428e918ce2d","5pyTyV","Bordeaux","[{""N"":""-0.5805""},{""N"":""44.8404""}]","fr","UKJEA06Vl","fr","92.184.108.176","false","","2022-11-17T01:57:00.573Z"
"eu-west-1:0f4ad5be-9473-4a6f-863e-4428e918ce2d","6TmsjY","astoria","[{""N"":""40.7571""},{""N"":""-73.9657""}]","us","6498160268.1671736104616","fr","74.64.54.99","false","web","2022-12-22T19:08:37.592Z"
"eu-west-1:0f4ad5be-9473-4a6f-863e-4428e918ce2d","AGAeCh","colomiers","[{""N"":""1.3347""},{""N"":""43.6106""}]","fr","5752083506.1668813242600","en","80.9.240.131","false","app","2022-11-26T08:33:23.887Z"
"eu-west-1:0f4ad5be-9473-4a6f-863e-4428e918ce2d","AXB1Ai","strasbourg","[{""N"":""48.5839""},{""N"":""7.7455""}]","fr","2047358982.1667950602534","en","92.184.124.75","false","web","2023-01-18T22:25:33.540Z"
"eu-west-1:0f4ad5be-9473-4a6f-863e-4428e918ce2d","DhS9Z7","Colomiers","[{""N"":""1.3347""},{""N"":""43.6106""}]","fr","4UMwIlcDR","en","80.9.240.131","false","","2022-11-08T21:28:53.856Z"
"eu-west-1:0f4ad5be-9473-4a6f-863e-4428e918ce2d","Gh1iRY","bordeaux","[{""N"":""44.8404""},{""N"":""-0.5805""}]","fr","3996159834.1668009239352","fr","92.184.108.202","false","web","2022-11-09T15:57:45.270Z"
"eu-west-1:0f4ad5be-9473-4a6f-863e-4428e918ce2d","LS6opL","bad rappenau","[{""N"":""49.2385""},{""N"":""9.1018""}]","de","2047358982.1667950602534","en","37.24.81.254","false","web","2023-02-02T21:28:24.482Z"
"eu-west-1:0f4ad5be-9473-4a6f-863e-4428e918ce2d","MWE1B4","marseille","[{""N"":""43.297""},{""N"":""5.3811""}]","fr","2047358982.1667950602534","en","178.249.212.31","false","web","2023-01-01T21:39:03.236Z"
"eu-west-1:0f4ad5be-9473-4a6f-863e-4428e918ce2d","Ylk5v0","colomiers","[{""N"":""43.6106""},{""N"":""1.3347""}]","fr","5861488015.1668382364060","fr","80.9.240.131","false","web","2022-11-13T23:53:08.837Z"
"eu-west-1:0f4ad5be-9473-4a6f-863e-4428e918ce2d","aNkSp7","Bordeaux","[{""N"":""-0.5805""},{""N"":""44.8404""}]","fr","UKJEA06Vl","fr","92.184.108.83","false","","2022-11-18T10:54:54.182Z"
"eu-west-1:0f4ad5be-9473-4a6f-863e-4428e918ce2d","acwDkp","marseille","[{""N"":""43.297""},{""N"":""5.3811""}]","fr","2047358982.1667950602534","en","178.249.212.31","false","web","2023-01-01T21:39:57.708Z"
"eu-west-1:0f4ad5be-9473-4a6f-863e-4428e918ce2d","aiuANT","Colomiers","[{""N"":""1.3347""},{""N"":""43.6106""}]","fr","4UMwIlcDR","en","80.9.240.131","false","","2022-11-08T21:28:45.236Z"
"eu-west-1:0f4ad5be-9473-4a6f-863e-4428e918ce2d","dt2cQn","Bordeaux","[{""N"":""-0.5805""},{""N"":""44.8404""}]","fr","UKJEA06Vl","fr","92.184.108.90","false","","2022-11-11T00:48:12.260Z"
"eu-west-1:0f4ad5be-9473-4a6f-863e-4428e918ce2d","h2i9iu","Colomiers","[{""N"":""1.3347""},{""N"":""43.6106""}]","fr","4UMwIlcDR","en","80.9.240.131","false","","2022-11-18T00:15:15.350Z"
"eu-west-1:0f4ad5be-9473-4a6f-863e-4428e918ce2d","j1yeuf","colomiers","[{""N"":""43.6106""},{""N"":""1.3347""}]","fr","5861488015.1668382364060","fr","80.9.240.131","false","web","2022-11-13T23:53:32.798Z"
"eu-west-1:0f4ad5be-9473-4a6f-863e-4428e918ce2d","mAkYdz","strasbourg","[{""N"":""48.5839""},{""N"":""7.7455""}]","fr","2047358982.1667950602534","en","92.184.124.75","false","web","2023-01-18T22:25:39.511Z"
"eu-west-1:0f4ad5be-9473-4a6f-863e-4428e918ce2d","mqTBPL","Colomiers","[{""N"":""1.3347""},{""N"":""43.6106""}]","fr","4UMwIlcDR","en","80.9.240.131","false","","2022-11-08T21:28:37.288Z"
"eu-west-1:0f4ad5be-9473-4a6f-863e-4428e918ce2d","nTcbON","colomiers","[{""N"":""43.6106""},{""N"":""1.3347""}]","fr","5861488015.1668382364060","fr","80.9.240.131","false","web","2022-11-13T23:53:24.998Z"
"eu-west-1:0f4ad5be-9473-4a6f-863e-4428e918ce2d","ogVWAf","strasbourg","[{""N"":""48.5839""},{""N"":""7.7455""}]","fr","2047358982.1667950602534","en","92.184.124.75","false","web","2023-01-18T22:24:04.675Z"
"eu-west-1:0f4ad5be-9473-4a6f-863e-4428e918ce2d","oxXlsv","paris","[{""N"":""48.8534""},{""N"":""2.3488""}]","fr","7501833626.1668127320122","fr","92.184.106.35","false","web","2022-11-11T00:49:27.664Z"
"eu-west-1:0f4ad5be-9473-4a6f-863e-4428e918ce2d","zgYSmM","bad rappenau","[{""N"":""49.2385""},{""N"":""9.1018""}]","de","2047358982.1667950602534","en","37.24.81.254","false","web","2023-02-02T21:28:54.150Z"
"eu-west-1:992ccd8a-ac26-4a43-a67f-c1cc7d1c6034","0BkTgS","paris","[{""N"":""48.8534""},{""N"":""2.3488""}]","fr","2047358982.1667950602534","fr","92.184.104.197","false","web","2022-11-12T14:55:42.059Z"
"eu-west-1:992ccd8a-ac26-4a43-a67f-c1cc7d1c6034","12344","Bordeaux","[{""N"":""-0.5805""},{""N"":""44.8404""}]","fr","UKJEA06V3","fr","","false","","2022-10-25T16:36:39.971Z"
"eu-west-1:992ccd8a-ac26-4a43-a67f-c1cc7d1c6034","123441","Bordeaux","[{""N"":""-0.5805""},{""N"":""44.8404""}]","fr","UKJEA06Vl","fr","","false","","2022-10-25T16:05:57.920Z"
"eu-west-1:992ccd8a-ac26-4a43-a67f-c1cc7d1c6034","123442","Bordeaux","[{""N"":""-0.5805""},{""N"":""44.8404""}]","fr","UKJEA06Vl","fr","","false","","2022-10-25T15:56:02.380Z"
"eu-west-1:992ccd8a-ac26-4a43-a67f-c1cc7d1c6034","123450","Bordeaux","[{""N"":""-0.5805""},{""N"":""44.8404""}]","fr","UKJEA06Vl","fr","","false","","2022-10-25T16:31:57.345Z"
"eu-west-1:992ccd8a-ac26-4a43-a67f-c1cc7d1c6034","123459","Bordeaux","[{""N"":""-0.5805""},{""N"":""44.8404""}]","fr","UKJEA06Vl","fr","","false","","2022-10-25T16:36:39.971Z"
"eu-west-1:992ccd8a-ac26-4a43-a67f-c1cc7d1c6034","27YW3M","köln","[{""N"":""50.9333""},{""N"":""6.95""}]","de","1263166334.1674113144238","fr","80.187.73.208","false","web","2023-01-19T07:26:03.032Z"
"eu-west-1:992ccd8a-ac26-4a43-a67f-c1cc7d1c6034","8psRNO","marseille","[{""N"":""43.297""},{""N"":""5.3811""}]","fr","2047358982.1667950602534","fr","178.249.212.31","false","web","2023-01-01T21:29:42.674Z"
"eu-west-1:992ccd8a-ac26-4a43-a67f-c1cc7d1c6034","AJ8u7b","colomiers","[{""N"":""1.3347""},{""N"":""43.6106""}]","fr","6864572312.1668906081515","fr","80.9.240.131","false","app","2022-12-04T15:01:47.376Z"
"eu-west-1:992ccd8a-ac26-4a43-a67f-c1cc7d1c6034","B7vnkg","bad rappenau","[{""N"":""49.2385""},{""N"":""9.1018""}]","de","8292346666.1673854309506","fr","37.24.81.254","false","web","2023-01-16T07:33:30.375Z"
"eu-west-1:992ccd8a-ac26-4a43-a67f-c1cc7d1c6034","D8gQ8C","colomiers","[{""N"":""1.3347""},{""N"":""43.6106""}]","fr","5752083506.1668813242600","en","80.9.240.131","false","app","2023-01-13T07:30:13.720Z"
"eu-west-1:992ccd8a-ac26-4a43-a67f-c1cc7d1c6034","EXtf5S","colomiers","[{""N"":""1.3347""},{""N"":""43.6106""}]","fr","5752083506.1668813242600","en","80.9.240.131","false","app","2022-11-29T15:28:22.358Z"
"eu-west-1:992ccd8a-ac26-4a43-a67f-c1cc7d1c6034","FDjXsc","colomiers","[{""N"":""1.3347""},{""N"":""43.6106""}]","fr","6864572312.1668906081515","fr","80.9.240.131","false","app","2022-12-05T20:39:03.846Z"
"eu-west-1:992ccd8a-ac26-4a43-a67f-c1cc7d1c6034","HbrIqt","colomiers","[{""N"":""1.3347""},{""N"":""43.6106""}]","fr","6864572312.1668906081515","fr","80.9.240.131","false","app","2022-12-24T12:15:54.333Z"
"eu-west-1:992ccd8a-ac26-4a43-a67f-c1cc7d1c6034","IXJM8F","plaisance-du-touch","[{""N"":""43.5655""},{""N"":""1.2965""}]","fr","2597661012.1680312785801","fr","86.249.148.170","false","web","2023-04-01T01:33:09.738Z"
"eu-west-1:992ccd8a-ac26-4a43-a67f-c1cc7d1c6034","MJ5WRk","paris","[{""N"":""48.8331""},{""N"":""2.3264""}]","fr","2047358982.1667950602534","fr","92.184.117.65","false","web","2022-12-28T00:19:28.680Z"
"eu-west-1:992ccd8a-ac26-4a43-a67f-c1cc7d1c6034","O0xwKE","bordeaux","[{""N"":""-0.5805""},{""N"":""44.8404""}]","fr","6864572312.1668906081515","fr","92.184.108.247","false","app","2022-12-10T21:07:28.380Z"
"eu-west-1:992ccd8a-ac26-4a43-a67f-c1cc7d1c6034","OPJT3V","strasbourg","[{""N"":""48.5839""},{""N"":""7.7455""}]","fr","2047358982.1667950602534","en","92.184.124.75","false","web","2023-01-18T15:35:54.845Z"
"eu-west-1:992ccd8a-ac26-4a43-a67f-c1cc7d1c6034","ORK9d1","marignane","[{""N"":""5.2146""},{""N"":""43.4173""}]","fr","6864572312.1668906081515","en","185.222.240.118","false","app","2023-01-15T19:23:11.472Z"
"eu-west-1:992ccd8a-ac26-4a43-a67f-c1cc7d1c6034","Pa3V5Z","Bordeaux","[{""N"":""-0.5805""},{""N"":""44.8404""}]","fr","UKJEA06Vl","fr","92.184.108.209","false","","2022-11-10T10:56:53.498Z"
"eu-west-1:992ccd8a-ac26-4a43-a67f-c1cc7d1c6034","QGilHP","new york city","[{""N"":""-73.9967""},{""N"":""40.7484""}]","us","6864572312.1668906081515","en","45.15.176.239","false","app","2023-01-29T00:24:18.641Z"
"eu-west-1:992ccd8a-ac26-4a43-a67f-c1cc7d1c6034","VVOv0v","new york city","[{""N"":""-74.006""},{""N"":""40.7143""}]","us","6864572312.1668906081515","fr","37.19.196.61","false","app","2022-12-26T23:47:28.719Z"
"eu-west-1:992ccd8a-ac26-4a43-a67f-c1cc7d1c6034","YOlh8U","colomiers","[{""N"":""1.3347""},{""N"":""43.6106""}]","fr","5752083506.1668813242600","en","80.9.240.131","false","app","2022-12-07T15:23:16.596Z"
"eu-west-1:992ccd8a-ac26-4a43-a67f-c1cc7d1c6034","ZHBEML","colomiers","[{""N"":""1.3347""},{""N"":""43.6106""}]","fr","5752083506.1668813242600","en","80.9.240.131","false","app","2022-11-26T08:32:42.293Z"
"eu-west-1:992ccd8a-ac26-4a43-a67f-c1cc7d1c6034","ZKV0kL","lille","[{""N"":""3.0586""},{""N"":""50.633""}]","fr","6864572312.1668906081515","en","92.184.123.23","false","app","2023-01-20T20:08:46.332Z"
"eu-west-1:992ccd8a-ac26-4a43-a67f-c1cc7d1c6034","Zq5H8C","paris","[{""N"":""2.3497""},{""N"":""48.8567""}]","fr","6864572312.1668906081515","fr","31.187.69.144","false","app","2023-01-07T18:13:24.529Z"
"eu-west-1:992ccd8a-ac26-4a43-a67f-c1cc7d1c6034","cFwM6Y","marseille","[{""N"":""43.297""},{""N"":""5.3811""}]","fr","2047358982.1667950602534","fr","178.249.212.31","false","web","2023-01-01T21:29:00.356Z"
"eu-west-1:992ccd8a-ac26-4a43-a67f-c1cc7d1c6034","ccjaLe","colomiers","[{""N"":""43.6106""},{""N"":""1.3347""}]","fr","2047358982.1667950602534","fr","80.9.240.131","false","web","2022-12-17T15:51:17.303Z"
"eu-west-1:992ccd8a-ac26-4a43-a67f-c1cc7d1c6034","gfSdt4","bordeaux","[{""N"":""-0.5805""},{""N"":""44.8404""}]","fr","6864572312.1668906081515","fr","92.184.110.247","false","app","2022-12-02T15:17:30.071Z"
"eu-west-1:992ccd8a-ac26-4a43-a67f-c1cc7d1c6034","jv2ujh","tournefeuille","[{""N"":""43.5887""},{""N"":""1.3192""}]","fr","4465346072.1676384921184","fr","86.249.148.170","false","web","2023-02-14T23:40:28.433Z"
"eu-west-1:992ccd8a-ac26-4a43-a67f-c1cc7d1c6034","oUKZGX","paris","[{""N"":""2.3349""},{""N"":""48.855""}]","fr","6864572312.1668906081515","fr","77.78.71.70","false","app","2023-01-10T18:43:34.612Z"
"eu-west-1:992ccd8a-ac26-4a43-a67f-c1cc7d1c6034","ol83ZW","new york city","[{""N"":""-73.9967""},{""N"":""40.7484""}]","us","6864572312.1668906081515","en","45.15.176.239","false","app","2023-01-29T00:35:31.608Z"
"eu-west-1:992ccd8a-ac26-4a43-a67f-c1cc7d1c6034","pvB6ni","colomiers","[{""N"":""1.3347""},{""N"":""43.6106""}]","fr","5752083506.1668813242600","en","80.9.240.131","false","app","2022-11-26T08:33:12.898Z"
"eu-west-1:992ccd8a-ac26-4a43-a67f-c1cc7d1c6034","rOmJS7","Bordeaux","[{""N"":""-0.5805""},{""N"":""44.8404""}]","fr","UKJEA06Vl","fr","92.184.108.176","false","","2022-11-17T01:55:22.870Z"
"eu-west-1:992ccd8a-ac26-4a43-a67f-c1cc7d1c6034","x8Sd1X","lille","[{""N"":""3.0586""},{""N"":""50.633""}]","fr","6864572312.1668906081515","en","92.184.123.172","false","app","2023-02-11T09:20:17.063Z"
"eu-west-1:992ccd8a-ac26-4a43-a67f-c1cc7d1c6034","ymkScO","strasbourg","[{""N"":""48.5839""},{""N"":""7.7455""}]","fr","2047358982.1667950602534","en","92.184.124.75","false","web","2023-01-18T22:23:58.220Z"
"eu-west-1:992ccd8a-ac26-4a43-a67f-c1cc7d1c6034","z3Dpk1","köln","[{""N"":""50.9333""},{""N"":""6.95""}]","de","1263166334.1674113144238","en","80.187.73.208","false","web","2023-01-19T07:27:43.434Z"
"eu-west-1:7483655c-3e5c-4f0a-a4df-0564b3f7bdfa","0fW3ZX","colomiers","[{""N"":""1.3347""},{""N"":""43.6106""}]","fr","4804790216.1667788104995","fr","80.9.240.131","false","app","2022-11-09T12:39:24.733Z"
"eu-west-1:7483655c-3e5c-4f0a-a4df-0564b3f7bdfa","181REr","paris","[{""N"":""48.8534""},{""N"":""2.3488""}]","fr","7863962928.1668294146554","fr","92.184.104.88","false","web","2022-11-12T23:03:47.946Z"
"eu-west-1:7483655c-3e5c-4f0a-a4df-0564b3f7bdfa","1MDK8R","paris","[{""N"":""48.8331""},{""N"":""2.3264""}]","fr","2047358982.1667950602534","fr","92.184.117.65","false","web","2022-12-28T00:20:18.987Z"
"eu-west-1:7483655c-3e5c-4f0a-a4df-0564b3f7bdfa","1OVkQi","bordeaux","[{""N"":""44.8404""},{""N"":""-0.5805""}]","fr","UKJEA06Vl","fr","92.184.98.178","false","","2022-11-10T19:00:04.113Z"
"eu-west-1:7483655c-3e5c-4f0a-a4df-0564b3f7bdfa","1QswA9","colomiers","[{""N"":""43.6106""},{""N"":""1.3347""}]","fr","2047358982.1667950602534","fr","80.9.240.131","false","web","2022-12-23T00:35:12.543Z"
"eu-west-1:7483655c-3e5c-4f0a-a4df-0564b3f7bdfa","1SPVUA","plaisance-du-touch","[{""N"":""43.5655""},{""N"":""1.2965""}]","fr","9587136271.1680312476871","fr","86.249.148.170","false","web","2023-04-01T01:27:58.965Z"
"eu-west-1:7483655c-3e5c-4f0a-a4df-0564b3f7bdfa","1Yufi7","bad rappenau","[{""N"":""49.2385""},{""N"":""9.1018""}]","de","8292346666.1673854309506","fr","37.24.81.254","false","web","2023-01-16T08:02:19.077Z"
"eu-west-1:7483655c-3e5c-4f0a-a4df-0564b3f7bdfa","24om5Q","bad rappenau","[{""N"":""49.2385""},{""N"":""9.1018""}]","de","8279874769.1675374032639","fr","37.24.81.254","false","web","2023-02-02T21:34:23.848Z"
"eu-west-1:7483655c-3e5c-4f0a-a4df-0564b3f7bdfa","26OGE4","paris","[{""N"":""48.8534""},{""N"":""2.3488""}]","fr","6998092906.1675343059569","fr","185.42.176.69","false","web","2023-02-02T13:04:23.671Z"
"eu-west-1:7483655c-3e5c-4f0a-a4df-0564b3f7bdfa","2IVTl8","tournefeuille","[{""N"":""43.5887""},{""N"":""1.3192""}]","fr","4465346072.1676384921184","fr","86.249.148.170","false","web","2023-02-14T14:28:42.242Z"
"eu-west-1:7483655c-3e5c-4f0a-a4df-0564b3f7bdfa","2nRdhx","bordeaux","[{""N"":""44.8404""},{""N"":""-0.5805""}]","fr","6864572312.1668906081515","fr","92.184.108.166","false","app","2022-12-04T10:18:26.061Z"
"eu-west-1:7483655c-3e5c-4f0a-a4df-0564b3f7bdfa","3BzB27","paris","[{""N"":""48.8534""},{""N"":""2.3488""}]","fr","7863962928.1668294146554","fr","92.184.104.88","false","web","2022-11-12T23:24:02.095Z"
"eu-west-1:7483655c-3e5c-4f0a-a4df-0564b3f7bdfa","3GJhTq","colomiers","[{""N"":""43.6106""},{""N"":""1.3347""}]","fr","8132117513.1668425129528","fr","80.9.240.131","false","web","2022-11-14T11:53:17.022Z"
"eu-west-1:7483655c-3e5c-4f0a-a4df-0564b3f7bdfa","3MoCFY","bordeaux","[{""N"":""44.8404""},{""N"":""-0.5805""}]","fr","4363703869.1678793406331","fr","92.184.110.124","false","web","2023-03-14T11:30:07.581Z"
"eu-west-1:7483655c-3e5c-4f0a-a4df-0564b3f7bdfa","4AwhQV","colomiers","[{""N"":""1.3347""},{""N"":""43.6106""}]","fr","6864572312.1668906081515","fr","80.9.240.131","false","app","2022-11-21T20:26:35.610Z"
"eu-west-1:7483655c-3e5c-4f0a-a4df-0564b3f7bdfa","4PKdtB","bordeaux","[{""N"":""-0.5805""},{""N"":""44.8404""}]","fr","6864572312.1668906081515","fr","92.184.108.130","false","app","2022-12-04T14:59:06.621Z"
"eu-west-1:7483655c-3e5c-4f0a-a4df-0564b3f7bdfa","4oS3Ly","strasbourg","[{""N"":""48.5839""},{""N"":""7.7455""}]","fr","8705400293.1674080749160","fr","92.184.124.75","false","web","2023-01-18T22:18:43.338Z"
"eu-west-1:7483655c-3e5c-4f0a-a4df-0564b3f7bdfa","58DUna","marrakesh","[{""N"":""31.6342""},{""N"":""-7.9999""}]","ma","8640793991.1672846010734","fr","105.158.102.141","false","web","2023-01-04T16:52:15.558Z"
"eu-west-1:7483655c-3e5c-4f0a-a4df-0564b3f7bdfa","5RJ99t","colomiers","[{""N"":""1.3347""},{""N"":""43.6106""}]","fr","5752083506.1668813242600","en","80.9.240.131","false","app","2022-12-04T23:57:05.744Z"
"eu-west-1:7483655c-3e5c-4f0a-a4df-0564b3f7bdfa","77EJzh","colomiers","[{""N"":""1.3347""},{""N"":""43.6106""}]","fr","5752083506.1668813242600","en","80.9.240.131","false","app","2022-12-23T00:44:48.233Z"
"eu-west-1:7483655c-3e5c-4f0a-a4df-0564b3f7bdfa","7DBh7k","colomiers","[{""N"":""43.6106""},{""N"":""1.3347""}]","fr","5938009835.1671065936410","fr","80.9.240.131","false","web","2022-12-15T00:54:48.638Z"
"eu-west-1:7483655c-3e5c-4f0a-a4df-0564b3f7bdfa","7aXNlq","colomiers","[{""N"":""43.6106""},{""N"":""1.3347""}]","fr","6823081793.1669732805348","fr","80.9.240.131","false","web","2022-11-29T14:40:49.316Z"
"eu-west-1:7483655c-3e5c-4f0a-a4df-0564b3f7bdfa","9bMzYJ","colomiers","[{""N"":""43.6106""},{""N"":""1.3347""}]","fr","6957485173.1667991505203","fr","80.9.240.131","false","web","2022-11-09T10:58:44.930Z"
"eu-west-1:7483655c-3e5c-4f0a-a4df-0564b3f7bdfa","9jnxqT","colomiers","[{""N"":""1.3347""},{""N"":""43.6106""}]","fr","6864572312.1668906081515","fr","80.9.240.131","false","app","2022-11-21T20:24:52.665Z"
"eu-west-1:7483655c-3e5c-4f0a-a4df-0564b3f7bdfa","9mtibb","paris","[{""N"":""48.8534""},{""N"":""2.3488""}]","fr","2047358982.1667950602534","fr","92.184.104.183","false","web","2022-11-12T22:59:01.044Z"
"eu-west-1:7483655c-3e5c-4f0a-a4df-0564b3f7bdfa","9p0AnN","bad rappenau","[{""N"":""49.2385""},{""N"":""9.1018""}]","de","8292346666.1673854309506","fr","37.24.81.254","false","web","2023-01-16T07:31:56.199Z"
"eu-west-1:7483655c-3e5c-4f0a-a4df-0564b3f7bdfa","9zkPRK","colomiers","[{""N"":""1.3347""},{""N"":""43.6106""}]","fr","5752083506.1668813242600","en","80.9.240.131","false","app","2022-12-14T11:42:15.390Z"
"eu-west-1:7483655c-3e5c-4f0a-a4df-0564b3f7bdfa","AGS0ES","bordeaux","[{""N"":""-0.5805""},{""N"":""44.8404""}]","fr","6864572312.1668906081515","fr","92.184.98.239","false","app","2022-12-09T12:00:56.165Z"
"eu-west-1:7483655c-3e5c-4f0a-a4df-0564b3f7bdfa","B8WJje","strasbourg","[{""N"":""48.5839""},{""N"":""7.7455""}]","fr","2047358982.1667950602534","en","92.184.124.75","false","web","2023-01-18T22:27:15.804Z"
"eu-west-1:7483655c-3e5c-4f0a-a4df-0564b3f7bdfa","BGF1vj","paris","[{""N"":""48.8534""},{""N"":""2.3488""}]","fr","2047358982.1667950602534","fr","92.184.104.183","false","web","2022-11-13T00:10:22.731Z"
"eu-west-1:7483655c-3e5c-4f0a-a4df-0564b3f7bdfa","BI4FKg","paris","[{""N"":""48.8534""},{""N"":""2.3488""}]","fr","2047358982.1667950602534","fr","92.184.104.183","false","web","2022-11-12T23:13:17.025Z"
"eu-west-1:7483655c-3e5c-4f0a-a4df-0564b3f7bdfa","BJaKIP","bad rappenau","[{""N"":""49.2385""},{""N"":""9.1018""}]","de","8292346666.1673854309506","fr","37.24.81.254","false","web","2023-01-16T08:04:24.708Z"
"eu-west-1:7483655c-3e5c-4f0a-a4df-0564b3f7bdfa","CKGhYO","colomiers","[{""N"":""1.3347""},{""N"":""43.6106""}]","fr","6864572312.1668906081515","fr","80.9.240.131","false","app","2022-11-21T20:26:30.917Z"
"eu-west-1:7483655c-3e5c-4f0a-a4df-0564b3f7bdfa","DbL6v5","colomiers","[{""N"":""43.6106""},{""N"":""1.3347""}]","fr","2047358982.1667950602534","en","80.9.240.131","false","web","2023-01-02T22:31:37.725Z"
"eu-west-1:7483655c-3e5c-4f0a-a4df-0564b3f7bdfa","DlHZjZ","tournefeuille","[{""N"":""43.5887""},{""N"":""1.3192""}]","fr","4465346072.1676384921184","fr","86.249.148.170","false","web","2023-02-14T15:53:06.997Z"
"eu-west-1:7483655c-3e5c-4f0a-a4df-0564b3f7bdfa","E0Lh53","colomiers","[{""N"":""43.6106""},{""N"":""1.3347""}]","fr","4727897728.1681236204969","fr","86.249.148.170","false","web","2023-04-13T21:19:45.658Z"
"eu-west-1:7483655c-3e5c-4f0a-a4df-0564b3f7bdfa","EA446j","marrakesh","[{""N"":""31.6342""},{""N"":""-7.9999""}]","ma","8640793991.1672846010734","fr","105.158.102.141","false","web","2023-01-04T15:26:51.574Z"
"eu-west-1:7483655c-3e5c-4f0a-a4df-0564b3f7bdfa","EUfwYt","bad rappenau","[{""N"":""49.2385""},{""N"":""9.1018""}]","de","2047358982.1667950602534","en","37.24.81.254","false","web","2023-02-02T21:26:03.676Z"
"eu-west-1:7483655c-3e5c-4f0a-a4df-0564b3f7bdfa","Euf6Qx","colomiers","[{""N"":""1.3347""},{""N"":""43.6106""}]","fr","6864572312.1668906081515","fr","80.9.240.131","false","app","2022-11-21T18:45:53.023Z"
"eu-west-1:7483655c-3e5c-4f0a-a4df-0564b3f7bdfa","F2gMoN","paris","[{""N"":""48.8534""},{""N"":""2.3488""}]","fr","9302119558.1668442003455","fr","157.143.174.166","false","web","2022-11-14T16:06:45.159Z"
"eu-west-1:7483655c-3e5c-4f0a-a4df-0564b3f7bdfa","Fmeonm","bordeaux","[{""N"":""44.8404""},{""N"":""-0.5805""}]","fr","UKJEA06Vl","fr","92.184.98.178","false","","2022-11-10T19:00:45.780Z"
"eu-west-1:7483655c-3e5c-4f0a-a4df-0564b3f7bdfa","GftZVo","colomiers","[{""N"":""43.6106""},{""N"":""1.3347""}]","fr","2047358982.1667950602534","fr","80.9.240.131","false","web","2022-11-14T22:38:20.707Z"
"eu-west-1:7483655c-3e5c-4f0a-a4df-0564b3f7bdfa","H0rDm4","strasbourg","[{""N"":""48.5839""},{""N"":""7.7455""}]","fr","2047358982.1667950602534","en","92.184.124.75","false","web","2023-01-18T15:28:41.030Z"
"eu-west-1:7483655c-3e5c-4f0a-a4df-0564b3f7bdfa","HCrmBY","paris","[{""N"":""48.8534""},{""N"":""2.3488""}]","fr","2047358982.1667950602534","fr","92.184.104.183","false","web","2022-11-12T21:25:46.501Z"
"eu-west-1:7483655c-3e5c-4f0a-a4df-0564b3f7bdfa","HWaq7Y","paris","[{""N"":""48.8331""},{""N"":""2.3264""}]","fr","2047358982.1667950602534","fr","92.184.117.65","false","web","2022-12-28T00:02:42.862Z"
"eu-west-1:7483655c-3e5c-4f0a-a4df-0564b3f7bdfa","Hwa5JJ","paris","[{""N"":""48.8534""},{""N"":""2.3488""}]","fr","0547008274.1669051047532","fr","84.14.243.4","false","web","2022-11-21T17:17:28.267Z"
"eu-west-1:7483655c-3e5c-4f0a-a4df-0564b3f7bdfa","I03GNk","paris","[{""N"":""48.8534""},{""N"":""2.3488""}]","fr","2047358982.1667950602534","fr","92.184.104.183","false","web","2022-11-12T21:26:50.002Z"
"eu-west-1:7483655c-3e5c-4f0a-a4df-0564b3f7bdfa","JsR5Au","paris","[{""N"":""48.8534""},{""N"":""2.3488""}]","fr","5335183070.1668300760979","fr","92.184.105.1","false","web","2022-11-13T00:52:44.251Z"
"eu-west-1:7483655c-3e5c-4f0a-a4df-0564b3f7bdfa","JuvQR3","brussels","[{""N"":""50.8505""},{""N"":""4.3488""}]","be","8120504845.1668425606033","fr","66.249.93.146","false","web","2022-11-14T11:33:27.332Z"
"eu-west-1:7483655c-3e5c-4f0a-a4df-0564b3f7bdfa","LeffWk","colomiers","[{""N"":""43.6106""},{""N"":""1.3347""}]","fr","2047358982.1667950602534","fr","80.9.240.131","false","web","2022-12-07T00:05:23.775Z"
"eu-west-1:7483655c-3e5c-4f0a-a4df-0564b3f7bdfa","MHlxET","colomiers","[{""N"":""43.6106""},{""N"":""1.3347""}]","fr","2047358982.1667950602534","en","80.9.240.131","false","web","2023-01-03T21:37:39.246Z"
"eu-west-1:7483655c-3e5c-4f0a-a4df-0564b3f7bdfa","N7XQud","bordeaux","[{""N"":""-0.5805""},{""N"":""44.8404""}]","fr","6864572312.1668906081515","fr","92.184.98.243","false","app","2022-11-28T14:31:51.189Z"
"eu-west-1:7483655c-3e5c-4f0a-a4df-0564b3f7bdfa","NkfVEY","colomiers","[{""N"":""43.6106""},{""N"":""1.3347""}]","fr","6906410144.1671028910604","fr","80.9.240.131","false","web","2022-12-14T14:41:51.258Z"
"eu-west-1:7483655c-3e5c-4f0a-a4df-0564b3f7bdfa","O2MOQS","paris","[{""N"":""48.8534""},{""N"":""2.3488""}]","fr","2047358982.1667950602534","fr","92.184.104.183","false","web","2022-11-12T23:34:48.764Z"
"eu-west-1:7483655c-3e5c-4f0a-a4df-0564b3f7bdfa","O5bHj4","strasbourg","[{""N"":""48.5839""},{""N"":""7.7455""}]","fr","2047358982.1667950602534","en","92.184.124.75","false","web","2023-01-18T17:36:11.239Z"
"eu-west-1:7483655c-3e5c-4f0a-a4df-0564b3f7bdfa","Ppz836","colomiers","[{""N"":""1.3347""},{""N"":""43.6106""}]","fr","6864572312.1668906081515","fr","80.9.240.131","false","app","2022-12-16T17:12:36.318Z"
"eu-west-1:7483655c-3e5c-4f0a-a4df-0564b3f7bdfa","QcqScR","karlsruhe","[{""N"":""49.0094""},{""N"":""8.4044""}]","de","2047358982.1667950602534","en","37.24.81.254","false","web","2023-02-07T19:43:05.057Z"
"eu-west-1:7483655c-3e5c-4f0a-a4df-0564b3f7bdfa","SL7o0f","marseille","[{""N"":""43.297""},{""N"":""5.3811""}]","fr","2047358982.1667950602534","fr","178.249.212.31","false","web","2023-01-01T21:31:06.536Z"
"eu-west-1:7483655c-3e5c-4f0a-a4df-0564b3f7bdfa","SPHfHn","colomiers","[{""N"":""43.6106""},{""N"":""1.3347""}]","fr","2047358982.1667950602534","fr","80.9.240.131","false","web","2022-11-09T11:53:37.757Z"
"eu-west-1:7483655c-3e5c-4f0a-a4df-0564b3f7bdfa","ShYhx6","colomiers","[{""N"":""1.3347""},{""N"":""43.6106""}]","fr","6864572312.1668906081515","fr","80.9.240.131","false","app","2022-11-22T02:08:46.391Z"
"eu-west-1:7483655c-3e5c-4f0a-a4df-0564b3f7bdfa","TAZWps","paris","[{""N"":""48.8534""},{""N"":""2.3488""}]","fr","6343081332.1668294673834","fr","92.184.104.183","false","web","2022-11-12T23:11:15.005Z"
"eu-west-1:7483655c-3e5c-4f0a-a4df-0564b3f7bdfa","TDbw1m","colomiers","[{""N"":""43.6106""},{""N"":""1.3347""}]","fr","2047358982.1667950602534","fr","80.9.240.131","false","web","2022-11-29T11:25:58.149Z"
"eu-west-1:7483655c-3e5c-4f0a-a4df-0564b3f7bdfa","TiUCaW","Bordeaux","[{""N"":""-0.5805""},{""N"":""44.8404""}]","fr","UKJEA06Vl","fr","92.184.108.90","true","","2022-11-11T00:35:57.860Z"
"eu-west-1:7483655c-3e5c-4f0a-a4df-0564b3f7bdfa","UX8eBq","strasbourg","[{""N"":""48.5839""},{""N"":""7.7455""}]","fr","2047358982.1667950602534","en","92.184.124.75","false","web","2023-01-18T22:23:38.805Z"
"eu-west-1:7483655c-3e5c-4f0a-a4df-0564b3f7bdfa","VG6WeR","nantes","[{""N"":""47.2172""},{""N"":""-1.5534""}]","fr","2775428293.1668422606810","fr","90.83.183.225","false","web","2022-11-14T10:43:27.885Z"
"eu-west-1:7483655c-3e5c-4f0a-a4df-0564b3f7bdfa","X18ccd","Bordeaux","[{""N"":""-0.5805""},{""N"":""44.8404""}]","fr","UKJEA06Vl","fr","92.184.108.90","false","","2022-11-11T02:05:44.607Z"
"eu-west-1:7483655c-3e5c-4f0a-a4df-0564b3f7bdfa","X5pkew","biscarrosse","[{""N"":""44.3945""},{""N"":""-1.1672""}]","fr","9761620992.1678889697161","fr","90.61.244.181","false","web","2023-03-15T14:14:58.454Z"
"eu-west-1:7483655c-3e5c-4f0a-a4df-0564b3f7bdfa","XjjT2z","bordeaux","[{""N"":""44.8404""},{""N"":""-0.5805""}]","fr","1133971790.1680898229435","fr","92.184.98.89","false","web","2023-04-07T20:10:43.633Z"
"eu-west-1:7483655c-3e5c-4f0a-a4df-0564b3f7bdfa","Y76H2R","strasbourg","[{""N"":""48.5839""},{""N"":""7.7455""}]","fr","8705400293.1674080749160","fr","92.184.124.75","false","web","2023-01-18T22:19:47.083Z"
"eu-west-1:7483655c-3e5c-4f0a-a4df-0564b3f7bdfa","YXefBC","colomiers","[{""N"":""43.6106""},{""N"":""1.3347""}]","fr","2047358982.1667950602534","fr","80.9.240.131","false","web","2022-11-14T22:38:30.949Z"
"eu-west-1:7483655c-3e5c-4f0a-a4df-0564b3f7bdfa","YYrV37","colomiers","[{""N"":""1.3347""},{""N"":""43.6106""}]","fr","4804790216.1667788104995","fr","80.9.240.131","false","app","2022-11-09T12:30:40.247Z"
"eu-west-1:7483655c-3e5c-4f0a-a4df-0564b3f7bdfa","Z8Q7yX","bordeaux","[{""N"":""44.8404""},{""N"":""-0.5805""}]","fr","3932220704.1668018860830","fr","92.184.108.114","false","web","2022-11-09T18:34:29.392Z"
"eu-west-1:7483655c-3e5c-4f0a-a4df-0564b3f7bdfa","Z8i2fE","bordeaux","[{""N"":""44.8404""},{""N"":""-0.5805""}]","fr","6160679561.1668127202373","fr","92.184.108.90","false","web","2022-11-11T00:40:11.517Z"
"eu-west-1:7483655c-3e5c-4f0a-a4df-0564b3f7bdfa","ZV2dAn","colomiers","[{""N"":""1.3347""},{""N"":""43.6106""}]","fr","5752083506.1668813242600","en","80.9.240.131","false","app","2022-12-14T11:44:55.878Z"
"eu-west-1:7483655c-3e5c-4f0a-a4df-0564b3f7bdfa","ZqxBny","paris","[{""N"":""48.8534""},{""N"":""2.3488""}]","fr","8925226343.1670495651374","fr","92.182.69.247","false","web","2022-12-08T10:34:14.447Z"
"eu-west-1:7483655c-3e5c-4f0a-a4df-0564b3f7bdfa","aFDTn8","paris","[{""N"":""48.8534""},{""N"":""2.3488""}]","fr","5943260115.1676985769960","fr","89.207.171.76","false","web","2023-02-21T13:23:27.359Z"
"eu-west-1:7483655c-3e5c-4f0a-a4df-0564b3f7bdfa","aG8Be2","plaisance-du-touch","[{""N"":""43.5655""},{""N"":""1.2965""}]","fr","1124298674.1679273672155","fr","86.249.148.170","false","web","2023-03-20T00:54:38.707Z"
"eu-west-1:7483655c-3e5c-4f0a-a4df-0564b3f7bdfa","b4SnWn","paris","[{""N"":""48.8534""},{""N"":""2.3488""}]","fr","2047358982.1667950602534","fr","92.184.104.183","false","web","2022-11-12T23:34:42.939Z"
"eu-west-1:7483655c-3e5c-4f0a-a4df-0564b3f7bdfa","bYYSGH","tournefeuille","[{""N"":""43.5887""},{""N"":""1.3192""}]","fr","2883941860.1677291308813","fr","86.249.148.170","false","web","2023-02-25T02:15:15.188Z"
"eu-west-1:7483655c-3e5c-4f0a-a4df-0564b3f7bdfa","c1i4pv","Paris","[{""N"":""2.3488""},{""N"":""48.8534""}]","fr","UKJEA06Vl","fr","92.184.104.88","false","","2022-11-12T23:41:58.995Z"
"eu-west-1:7483655c-3e5c-4f0a-a4df-0564b3f7bdfa","cPSOvf","bordeaux","[{""N"":""44.8404""},{""N"":""-0.5805""}]","fr","3996159834.1668009239352","fr","92.184.108.202","false","web","2022-11-09T15:52:09.229Z"
"eu-west-1:7483655c-3e5c-4f0a-a4df-0564b3f7bdfa","cWWQ1X","colomiers","[{""N"":""43.6106""},{""N"":""1.3347""}]","fr","5861488015.1668382364060","fr","80.9.240.131","false","web","2022-11-13T23:30:37.300Z"
"eu-west-1:7483655c-3e5c-4f0a-a4df-0564b3f7bdfa","d9n9Hw","colomiers","[{""N"":""43.6106""},{""N"":""1.3347""}]","fr","2047358982.1667950602534","fr","80.9.240.131","false","web","2022-11-22T20:30:22.021Z"
"eu-west-1:7483655c-3e5c-4f0a-a4df-0564b3f7bdfa","dXz1OJ","bordeaux","[{""N"":""44.8404""},{""N"":""-0.5805""}]","fr","6640896805.1668027350231","fr","92.184.108.114","false","web","2022-11-09T20:55:52.022Z"
"eu-west-1:7483655c-3e5c-4f0a-a4df-0564b3f7bdfa","diN5eV","colomiers","[{""N"":""43.6106""},{""N"":""1.3347""}]","fr","3148997198.1667996470939","fr","80.9.240.131","false","web","2022-11-09T12:21:11.931Z"
"eu-west-1:7483655c-3e5c-4f0a-a4df-0564b3f7bdfa","e39q5i","bad rappenau","[{""N"":""49.2385""},{""N"":""9.1018""}]","de","2047358982.1667950602534","en","37.24.81.254","false","web","2023-02-02T21:13:53.290Z"
"eu-west-1:7483655c-3e5c-4f0a-a4df-0564b3f7bdfa","eCSssV","colomiers","[{""N"":""1.3347""},{""N"":""43.6106""}]","fr","5752083506.1668813242600","en","80.9.240.131","false","app","2022-11-29T17:06:07.950Z"
"eu-west-1:7483655c-3e5c-4f0a-a4df-0564b3f7bdfa","eyKTOI","strasbourg","[{""N"":""48.5839""},{""N"":""7.7455""}]","fr","2047358982.1667950602534","en","92.184.124.75","false","web","2023-01-18T22:16:45.360Z"
"eu-west-1:7483655c-3e5c-4f0a-a4df-0564b3f7bdfa","f4096C","bordeaux","[{""N"":""44.8404""},{""N"":""-0.5805""}]","fr","1133971790.1680898229435","fr","92.184.98.89","false","web","2023-04-07T20:10:34.529Z"
"eu-west-1:7483655c-3e5c-4f0a-a4df-0564b3f7bdfa","fzTIGD","bad rappenau","[{""N"":""49.2385""},{""N"":""9.1018""}]","de","8292346666.1673854309506","fr","37.24.81.254","false","web","2023-01-16T07:33:59.640Z"
"eu-west-1:7483655c-3e5c-4f0a-a4df-0564b3f7bdfa","g4qgXj","strasbourg","[{""N"":""48.5839""},{""N"":""7.7455""}]","fr","2047358982.1667950602534","en","92.184.124.75","false","web","2023-01-18T15:30:54.681Z"
"eu-west-1:7483655c-3e5c-4f0a-a4df-0564b3f7bdfa","gWGNcC","paris","[{""N"":""48.8534""},{""N"":""2.3488""}]","fr","5863018758.1679492805609","fr","185.65.97.4","false","web","2023-03-22T13:45:45.358Z"
"eu-west-1:7483655c-3e5c-4f0a-a4df-0564b3f7bdfa","gbaLNu","colomiers","[{""N"":""43.6106""},{""N"":""1.3347""}]","fr","2047358982.1667950602534","fr","80.9.240.131","false","web","2022-12-16T17:41:49.588Z"
"eu-west-1:7483655c-3e5c-4f0a-a4df-0564b3f7bdfa","gozkq8","colomiers","[{""N"":""43.6106""},{""N"":""1.3347""}]","fr","2047358982.1667950602534","fr","80.9.240.131","false","web","2022-11-14T11:57:38.757Z"
"eu-west-1:7483655c-3e5c-4f0a-a4df-0564b3f7bdfa","hPSzmX","bad rappenau","[{""N"":""49.2385""},{""N"":""9.1018""}]","de","2040660438.1674721156080","fr","37.24.81.254","false","web","2023-01-26T08:19:18.711Z"
"eu-west-1:7483655c-3e5c-4f0a-a4df-0564b3f7bdfa","hRaIPi","paris","[{""N"":""48.8534""},{""N"":""2.3488""}]","fr","5943260115.1676985769960","fr","89.207.171.76","false","web","2023-02-21T13:23:16.615Z"
"eu-west-1:7483655c-3e5c-4f0a-a4df-0564b3f7bdfa","iDD7ZU","bad rappenau","[{""N"":""49.2385""},{""N"":""9.1018""}]","de","2827387729.1673942356174","fr","37.24.81.254","false","web","2023-01-17T07:59:22.227Z"
"eu-west-1:7483655c-3e5c-4f0a-a4df-0564b3f7bdfa","iDjL7J","colomiers","[{""N"":""1.3347""},{""N"":""43.6106""}]","fr","5752083506.1668813242600","en","80.9.240.131","false","app","2022-12-17T12:39:12.739Z"
"eu-west-1:7483655c-3e5c-4f0a-a4df-0564b3f7bdfa","ijA7DH","tournefeuille","[{""N"":""43.5887""},{""N"":""1.3192""}]","fr","4465346072.1676384921184","fr","86.249.148.170","false","web","2023-02-14T15:55:39.873Z"
"eu-west-1:7483655c-3e5c-4f0a-a4df-0564b3f7bdfa","iogiJF","colomiers","[{""N"":""43.6106""},{""N"":""1.3347""}]","fr","2047358982.1667950602534","fr","80.9.240.131","false","web","2022-12-23T00:35:39.817Z"
"eu-west-1:7483655c-3e5c-4f0a-a4df-0564b3f7bdfa","j0CI2G","paris","[{""N"":""48.8534""},{""N"":""2.3488""}]","fr","7034594105.1668305943739","fr","92.184.105.1","false","web","2022-11-13T02:19:06.500Z"
"eu-west-1:7483655c-3e5c-4f0a-a4df-0564b3f7bdfa","j5aptt","paris","[{""N"":""2.3488""},{""N"":""48.8534""}]","fr","6864572312.1668906081515","en","92.184.107.153","false","app","2023-02-11T09:08:41.050Z"
"eu-west-1:7483655c-3e5c-4f0a-a4df-0564b3f7bdfa","jgqar8","colomiers","[{""N"":""43.6106""},{""N"":""1.3347""}]","fr","2047358982.1667950602534","fr","80.9.240.131","false","web","2022-11-14T22:38:47.079Z"
"eu-west-1:7483655c-3e5c-4f0a-a4df-0564b3f7bdfa","jmTxry","brussels","[{""N"":""50.8505""},{""N"":""4.3488""}]","be","6653714541.1668425606228","fr","66.249.93.155","false","web","2022-11-14T11:33:27.309Z"
"eu-west-1:7483655c-3e5c-4f0a-a4df-0564b3f7bdfa","kIc4Vb","karlsruhe","[{""N"":""49.0094""},{""N"":""8.4044""}]","de","2047358982.1667950602534","en","37.24.81.254","false","web","2023-02-07T19:42:28.481Z"
"eu-west-1:7483655c-3e5c-4f0a-a4df-0564b3f7bdfa","kWTyCR","bordeaux","[{""N"":""-0.5805""},{""N"":""44.8404""}]","fr","6864572312.1668906081515","fr","92.184.108.83","false","app","2022-11-20T01:01:55.251Z"
"eu-west-1:7483655c-3e5c-4f0a-a4df-0564b3f7bdfa","l2Qpr9","paris","[{""N"":""48.8534""},{""N"":""2.3488""}]","fr","5363954048.1668288740194","fr","92.184.104.183","false","web","2022-11-12T21:30:20.998Z"
"eu-west-1:7483655c-3e5c-4f0a-a4df-0564b3f7bdfa","lW0LVk","colomiers","[{""N"":""43.6106""},{""N"":""1.3347""}]","fr","5686789127.1668049697914","fr","80.9.240.131","false","web","2022-11-10T03:08:18.900Z"
"eu-west-1:7483655c-3e5c-4f0a-a4df-0564b3f7bdfa","lyK8FJ","colomiers","[{""N"":""43.6106""},{""N"":""1.3347""}]","fr","9137085739.1667995537469","fr","80.9.240.131","false","web","2022-11-09T12:03:44.542Z"
"eu-west-1:7483655c-3e5c-4f0a-a4df-0564b3f7bdfa","m1rHL8","colomiers","[{""N"":""43.6106""},{""N"":""1.3347""}]","fr","6203851186.1671018317435","fr","80.9.240.131","false","web","2022-12-14T11:45:21.539Z"
"eu-west-1:7483655c-3e5c-4f0a-a4df-0564b3f7bdfa","m93kiz","bordeaux","[{""N"":""44.8404""},{""N"":""-0.5805""}]","fr","3052914616.1667996945237","fr","92.184.98.29","false","web","2022-11-09T13:01:37.190Z"
"eu-west-1:7483655c-3e5c-4f0a-a4df-0564b3f7bdfa","msdIHA","colomiers","[{""N"":""43.6106""},{""N"":""1.3347""}]","fr","2047358982.1667950602534","fr","80.9.240.131","false","web","2022-11-14T22:38:11.378Z"
"eu-west-1:7483655c-3e5c-4f0a-a4df-0564b3f7bdfa","n1MuFJ","colomiers","[{""N"":""1.3347""},{""N"":""43.6106""}]","fr","4804790216.1667788104995","fr","80.9.240.131","false","app","2022-11-09T12:40:08.843Z"
"eu-west-1:7483655c-3e5c-4f0a-a4df-0564b3f7bdfa","n4rpkv","colomiers","[{""N"":""43.6106""},{""N"":""1.3347""}]","fr","2047358982.1667950602534","fr","80.9.240.131","false","web","2022-12-16T17:43:45.323Z"
"eu-west-1:7483655c-3e5c-4f0a-a4df-0564b3f7bdfa","nD2Wam","paris","[{""N"":""48.8331""},{""N"":""2.3264""}]","fr","2047358982.1667950602534","fr","92.184.117.65","false","web","2022-12-28T00:02:35.758Z"
"eu-west-1:7483655c-3e5c-4f0a-a4df-0564b3f7bdfa","nElOgh","strasbourg","[{""N"":""48.5839""},{""N"":""7.7455""}]","fr","8705400293.1674080749160","fr","92.184.124.75","false","web","2023-01-18T22:19:59.300Z"
"eu-west-1:7483655c-3e5c-4f0a-a4df-0564b3f7bdfa","nNz3I9","paris","[{""N"":""48.8534""},{""N"":""2.3488""}]","fr","7501833626.1668127320122","fr","92.184.106.35","false","web","2022-11-11T00:40:14.218Z"
"eu-west-1:7483655c-3e5c-4f0a-a4df-0564b3f7bdfa","nbTUzL","colomiers","[{""N"":""1.3347""},{""N"":""43.6106""}]","fr","5752083506.1668813242600","en","80.9.240.131","false","app","2022-12-08T02:08:54.872Z"
"eu-west-1:7483655c-3e5c-4f0a-a4df-0564b3f7bdfa","nyJsDw","monaco","[{""N"":""43.7333""},{""N"":""7.4167""}]","mc","4483856069.1669628830508","fr","80.94.102.193","false","web","2022-11-28T09:52:06.089Z"
"eu-west-1:7483655c-3e5c-4f0a-a4df-0564b3f7bdfa","o8bomb","Paris","[{""N"":""2.3488""},{""N"":""48.8534""}]","fr","UKJEA06Vl","fr","92.184.106.127","false","","2022-11-12T00:08:20.351Z"
"eu-west-1:7483655c-3e5c-4f0a-a4df-0564b3f7bdfa","oGrBa3","bordeaux","[{""N"":""-0.5805""},{""N"":""44.8404""}]","fr","6864572312.1668906081515","fr","92.184.98.218","false","app","2022-11-26T09:51:39.727Z"
"eu-west-1:7483655c-3e5c-4f0a-a4df-0564b3f7bdfa","oyDFcG","colomiers","[{""N"":""43.6106""},{""N"":""1.3347""}]","fr","4727897728.1681236204969","fr","86.249.148.170","false","web","2023-04-20T09:11:16.218Z"
"eu-west-1:7483655c-3e5c-4f0a-a4df-0564b3f7bdfa","p4UNWs","colomiers","[{""N"":""43.6106""},{""N"":""1.3347""}]","fr","2047358982.1667950602534","fr","80.9.240.131","false","web","2022-12-22T22:59:33.622Z"
"eu-west-1:7483655c-3e5c-4f0a-a4df-0564b3f7bdfa","pkDDH9","bordeaux","[{""N"":""44.8404""},{""N"":""-0.5805""}]","fr","3052914616.1667996945237","fr","92.184.98.29","false","web","2022-11-09T12:29:08.924Z"
"eu-west-1:7483655c-3e5c-4f0a-a4df-0564b3f7bdfa","pxAmkW","monaco","[{""N"":""43.7333""},{""N"":""7.4167""}]","mc","1889446808.1667995812905","fr","195.78.30.154","false","web","2022-11-09T12:10:13.932Z"
"eu-west-1:7483655c-3e5c-4f0a-a4df-0564b3f7bdfa","pyBa2Y","paris","[{""N"":""48.8534""},{""N"":""2.3488""}]","fr","9773274691.1668296352940","fr","92.184.104.183","false","web","2022-11-12T23:37:08.234Z"
"eu-west-1:7483655c-3e5c-4f0a-a4df-0564b3f7bdfa","qXnQOe","bad rappenau","[{""N"":""49.2385""},{""N"":""9.1018""}]","de","2827387729.1673942356174","fr","37.24.81.254","false","web","2023-01-17T08:02:47.024Z"
"eu-west-1:7483655c-3e5c-4f0a-a4df-0564b3f7bdfa","qoS30v","brussels","[{""N"":""50.8505""},{""N"":""4.3488""}]","be","5016019710.1668425596592","fr","66.249.93.134","false","web","2022-11-14T11:33:17.390Z"
"eu-west-1:7483655c-3e5c-4f0a-a4df-0564b3f7bdfa","qyqcHS","paris","[{""N"":""48.8534""},{""N"":""2.3488""}]","fr","3194838085.1668294543592","fr","92.184.104.183","false","web","2022-11-12T23:09:10.672Z"
"eu-west-1:7483655c-3e5c-4f0a-a4df-0564b3f7bdfa","t8PlCJ","paris","[{""N"":""48.8534""},{""N"":""2.3488""}]","fr","7863962928.1668294146554","fr","92.184.104.88","false","web","2022-11-13T00:18:17.194Z"
"eu-west-1:7483655c-3e5c-4f0a-a4df-0564b3f7bdfa","tJxc90","bordeaux","[{""N"":""-0.5805""},{""N"":""44.8404""}]","fr","6864572312.1668906081515","fr","92.184.108.247","false","app","2022-12-10T21:09:51.083Z"
"eu-west-1:7483655c-3e5c-4f0a-a4df-0564b3f7bdfa","tkL2N2","paris","[{""N"":""48.8534""},{""N"":""2.3488""}]","fr","7863962928.1668294146554","fr","92.184.104.88","false","web","2022-11-12T23:06:45.862Z"
"eu-west-1:7483655c-3e5c-4f0a-a4df-0564b3f7bdfa","u35ac4","tournefeuille","[{""N"":""43.5887""},{""N"":""1.3192""}]","fr","8863675474.1677291274696","fr","86.249.148.170","false","web","2023-02-25T02:14:39.678Z"
"eu-west-1:7483655c-3e5c-4f0a-a4df-0564b3f7bdfa","vBMvjk","colomiers","[{""N"":""1.3347""},{""N"":""43.6106""}]","fr","6864572312.1668906081515","fr","80.9.240.131","false","app","2022-12-20T23:48:04.733Z"
"eu-west-1:7483655c-3e5c-4f0a-a4df-0564b3f7bdfa","vRStZN","colomiers","[{""N"":""43.6106""},{""N"":""1.3347""}]","fr","4727897728.1681236204969","fr","86.249.148.170","false","web","2023-04-19T23:05:56.078Z"
"eu-west-1:7483655c-3e5c-4f0a-a4df-0564b3f7bdfa","vTVJsX","tournefeuille","[{""N"":""43.5887""},{""N"":""1.3192""}]","fr","5830974889.1677669688226","fr","86.249.148.170","false","web","2023-03-01T11:21:34.011Z"
"eu-west-1:7483655c-3e5c-4f0a-a4df-0564b3f7bdfa","vkrX4g","bordeaux","[{""N"":""-0.5805""},{""N"":""44.8404""}]","fr","6864572312.1668906081515","fr","92.184.98.62","false","app","2022-11-26T15:04:22.937Z"
"eu-west-1:7483655c-3e5c-4f0a-a4df-0564b3f7bdfa","voscAR","bordeaux","[{""N"":""-0.5805""},{""N"":""44.8404""}]","fr","6864572312.1668906081515","en","92.184.108.172","false","app","2023-04-24T00:12:49.504Z"
"eu-west-1:7483655c-3e5c-4f0a-a4df-0564b3f7bdfa","wfXqI9","strasbourg","[{""N"":""48.5839""},{""N"":""7.7455""}]","fr","2047358982.1667950602534","en","92.184.124.75","false","web","2023-01-18T22:27:12.019Z"
"eu-west-1:7483655c-3e5c-4f0a-a4df-0564b3f7bdfa","wxViHi","colomiers","[{""N"":""1.3347""},{""N"":""43.6106""}]","fr","6864572312.1668906081515","fr","80.9.240.131","false","app","2022-11-21T20:20:35.019Z"
"eu-west-1:7483655c-3e5c-4f0a-a4df-0564b3f7bdfa","xTr2WF","tournefeuille","[{""N"":""43.5887""},{""N"":""1.3192""}]","fr","4465346072.1676384921184","fr","86.249.148.170","false","web","2023-02-14T23:40:14.809Z"
"eu-west-1:7483655c-3e5c-4f0a-a4df-0564b3f7bdfa","xW0CUm","paris","[{""N"":""48.8412""},{""N"":""2.3003""}]","fr","2989799704.1678901106289","fr","185.42.176.69","false","web","2023-03-15T17:25:07.510Z"
"eu-west-1:7483655c-3e5c-4f0a-a4df-0564b3f7bdfa","yeXOnr","colomiers","[{""N"":""43.6106""},{""N"":""1.3347""}]","fr","2047358982.1667950602534","fr","80.9.240.131","false","web","2022-12-24T12:45:31.406Z"
"eu-west-1:7483655c-3e5c-4f0a-a4df-0564b3f7bdfa","z2PFYo","tournefeuille","[{""N"":""43.5887""},{""N"":""1.3192""}]","fr","4465346072.1676384921184","fr","86.249.148.170","false","web","2023-02-14T15:55:28.835Z"
"eu-west-1:7483655c-3e5c-4f0a-a4df-0564b3f7bdfa","zJuyLs","brussels","[{""N"":""50.8505""},{""N"":""4.3488""}]","be","5827627558.1668425596372","fr","66.249.93.150","false","web","2022-11-14T11:33:17.056Z"
"eu-west-1:7483655c-3e5c-4f0a-a4df-0564b3f7bdfa","zQhOS7","bordeaux","[{""N"":""-0.5805""},{""N"":""44.8404""}]","fr","6864572312.1668906081515","fr","92.184.108.196","false","app","2022-12-19T16:24:57.059Z"